song,midiFormat,sourceType,trackNumber,trackName,channel,silent,activeBeats,activeBeatRate,dice1,dice2,dice3,dice4,other,rest,currentPlayableActiveRate,withDice3PlayableActiveRate,dice3BenefitPoints,exact,near,ambiguous,unsupported,fallbackRate,nearest1,nearest2,nearest3,nearest4
"sample.mid","1","TRACK","1","Track 1","","true","0","0","0","0","0","0","0","24","","","","0","0","0","0","","0","0","0","0"
"sample.mid","1","TRACK","2","Timing Test","","false","24","100","24","0","0","0","0","0","100","100","0","24","0","0","0","0","0","0","0","0"
"ABBA_-_Dancing_Queen.mid","0","TRACK","1","Track 1","","false","392","99","6","0","0","116","270","4","31.1","31.1","0","122","0","0","270","68.9","0","0","0","1"
"ABBA_-_Gimme_Gimme_Gimme.mid","1","TRACK","1","untitled","","true","0","0","0","0","0","0","0","576","","","","0","0","0","0","","0","0","0","0"
"ABBA_-_Gimme_Gimme_Gimme.mid","1","TRACK","2","Melody","","false","227","39.4","84","0","0","0","143","349","37","37","0","0","0","4","223","63","0","136","7","0"
"ABBA_-_Gimme_Gimme_Gimme.mid","1","TRACK","3","Strings","","false","171","29.7","49","0","0","1","121","405","29.2","29.2","0","2","0","3","166","70.8","0","20","12","87"
"ABBA_-_Gimme_Gimme_Gimme.mid","1","TRACK","4","Bass","","false","436","75.7","388","16","0","0","32","140","92.7","92.7","0","404","0","32","0","7.3","0","0","32","0"
"ABBA_-_Gimme_Gimme_Gimme.mid","1","TRACK","5","Guitar Lead 1","","false","43","7.5","12","15","0","0","16","533","62.8","62.8","0","21","0","16","6","37.2","0","16","0","0"
"ABBA_-_Gimme_Gimme_Gimme.mid","1","TRACK","6","Guitar Lead 2","","false","31","5.4","1","15","0","0","15","545","51.6","51.6","0","16","0","15","0","48.4","0","15","0","0"
"ABBA_-_Gimme_Gimme_Gimme.mid","1","TRACK","7","Drums","","false","535","92.9","2","63","0","464","6","41","98.5","98.5","0","529","0","1","5","1.5","0","3","1","0"
"ABBA_-_Gimme_Gimme_Gimme.mid","1","TRACK","8","Flute 1","","false","63","10.9","0","0","0","0","63","513","0","0","0","0","0","0","63","100","0","0","2","59"
"ABBA_-_Gimme_Gimme_Gimme.mid","1","TRACK","9","Picolo","","false","63","10.9","0","0","0","0","63","513","0","0","0","0","0","0","63","100","0","0","2","59"
"ABBA_-_Gimme_Gimme_Gimme.mid","1","TRACK","10","extra","","false","338","58.7","120","0","0","1","217","238","35.8","35.8","0","2","0","0","336","64.2","0","133","6","76"
"ABBA_-_Gimme_Gimme_Gimme.mid","1","TRACK","11","Slow Strings","","false","12","2.1","11","0","0","0","1","564","91.7","91.7","0","3","2","1","6","8.3","0","1","0","0"
"ABBA_-_Gimme_Gimme_Gimme.mid","1","TRACK","12","Synth","","false","444","77.1","0","198","0","0","246","132","44.6","44.6","0","198","24","222","0","55.4","0","0","246","0"
"ABBA_-_Gimme_Gimme_Gimme.mid","1","TRACK","13","Choir","","false","141","24.5","83","10","0","0","48","435","66","66","0","68","0","34","39","34","0","12","36","0"
"ABBA_-_Gimme_Gimme_Gimme.mid","1","TRACK","14","Gimme!Gimme!Gimme!(A Man After Midnight)","","true","0","0","0","0","0","0","0","576","","","","0","0","0","0","","0","0","0","0"
"ABBA_-_Gimme_Gimme_Gimme.mid","1","TRACK","15","By Abba","","true","0","0","0","0","0","0","0","576","","","","0","0","0","0","","0","0","0","0"
"ABBA_-_Gimme_Gimme_Gimme.mid","1","TRACK","16","Sequneced by","","true","0","0","0","0","0","0","0","576","","","","0","0","0","0","","0","0","0","0"
"ABBA_-_Gimme_Gimme_Gimme.mid","1","TRACK","17","Mike Boyce","","true","0","0","0","0","0","0","0","576","","","","0","0","0","0","","0","0","0","0"
"ABBA_-_Gimme_Gimme_Gimme.mid","1","TRACK","18","tinker@worldnet.att.net","","true","0","0","0","0","0","0","0","576","","","","0","0","0","0","","0","0","0","0"
"ABBA_-_S.O.S.mid","1","TRACK","1","Track 1","","true","0","0","0","0","0","0","0","406","","","","0","0","0","0","","0","0","0","0"
"ABBA_-_S.O.S.mid","1","TRACK","2","S.O.S.","","false","396","97.5","23","8","0","0","365","10","7.8","7.8","0","13","0","54","329","92.2","0","104","135","97"
"ABBA_-_S.O.S.mid","1","TRACK","3","S.O.S.","","false","267","65.8","119","35","0","0","113","139","57.7","57.7","0","99","1","11","156","42.3","0","87","23","3"
"ABBA_-_S.O.S.mid","1","TRACK","4","S.O.S.","","false","96","23.6","33","0","0","0","63","310","34.4","34.4","0","19","2","5","70","65.6","0","20","14","12"
"ABBA_-_S.O.S.mid","1","TRACK","5","S.O.S.","","false","199","49","81","36","0","0","82","207","58.8","58.8","0","45","0","17","137","41.2","0","63","12","7"
"ABBA_-_S.O.S.mid","1","TRACK","6","S.O.S.","","false","132","32.5","57","66","0","0","9","274","93.2","93.2","0","74","0","8","50","6.8","0","1","8","0"
"ABBA_-_S.O.S.mid","1","TRACK","7","S.O.S.","","false","34","8.4","10","1","0","8","15","372","50","50","0","12","0","6","16","50","0","2","6","4"
"ABBA_-_S.O.S.mid","1","TRACK","8","S.O.S.","","false","35","8.6","31","0","0","0","4","371","80","80","0","7","0","0","28","20","0","4","0","0"
"ABBA_-_S.O.S.mid","1","TRACK","9","S.O.S.","","false","109","26.8","21","0","0","0","88","297","19.3","19.3","0","0","0","10","99","80.7","0","32","42","12"
"ABBA_-_S.O.S.mid","1","TRACK","10","S.O.S.","","false","221","54.4","3","18","0","0","200","185","9.5","9.5","0","19","0","54","148","90.5","0","6","43","48"
"ABBA_-_S.O.S.mid","1","TRACK","11","S.O.S.","","false","113","27.8","64","13","0","0","36","293","67.3","67.3","0","38","0","13","62","32.7","0","20","16","0"
"ABBA_-_S.O.S.mid","1","TRACK","12","S.O.S.","","false","53","13.1","20","0","0","3","30","353","43.4","43.4","0","7","0","7","39","56.6","0","10","4","12"
"ABBA_-_S.O.S.mid","1","TRACK","13","S.O.S.","","false","232","57.1","8","122","0","0","102","174","56","56","0","126","0","72","34","44","0","6","27","45"
"ABBA_-_S.O.S.mid","1","TRACK","14","S.O.S.","","false","67","16.5","64","0","0","0","3","339","95.5","95.5","0","15","3","0","49","4.5","0","3","0","0"
"Disney_Themes_-_Hakuna_Matata.mid","1","TRACK","1","Track 1","","true","0","0","0","0","0","0","0","246","","","","0","0","0","0","","0","0","0","0"
"Disney_Themes_-_Hakuna_Matata.mid","1","TRACK","2","Marimba","","false","43","17.5","6","1","0","0","36","203","0","0","0","5","0","9","29","100","0","7","6","4"
"Disney_Themes_-_Hakuna_Matata.mid","1","TRACK","3","Piano - Bass","","false","19","7.7","16","2","0","0","1","227","0","0","0","16","0","0","3","100","0","1","0","0"
"Disney_Themes_-_Hakuna_Matata.mid","1","TRACK","4","E Bass","","false","165","67.1","111","27","0","0","27","81","0","0","0","121","0","23","21","100","0","16","11","0"
"Disney_Themes_-_Hakuna_Matata.mid","1","TRACK","5","Accordian","","false","80","32.5","41","12","0","0","27","166","0","0","0","34","1","19","26","100","0","12","15","0"
"Disney_Themes_-_Hakuna_Matata.mid","1","TRACK","6","Guitar","","false","83","33.7","30","2","0","0","51","163","0","0","0","17","0","28","38","100","0","22","28","1"
"Disney_Themes_-_Hakuna_Matata.mid","1","TRACK","7","Pumba","","false","39","15.9","12","7","1","0","19","207","0","0","0","15","1","11","12","100","0","10","9","0"
"Disney_Themes_-_Hakuna_Matata.mid","1","TRACK","8","Simba","","false","36","14.6","10","8","0","0","18","210","0","0","0","9","1","15","11","100","0","6","11","1"
"Disney_Themes_-_Hakuna_Matata.mid","1","TRACK","9","Timon","","false","64","26","19","10","1","4","30","182","0","0","0","19","2","26","17","100","0","10","20","0"
"Disney_Themes_-_Hakuna_Matata.mid","1","TRACK","10","Chior Ahhs","","false","15","6.1","12","1","0","0","2","231","0","0","0","13","0","2","0","100","0","1","1","0"
"Disney_Themes_-_Hakuna_Matata.mid","1","TRACK","11","Percussion","","false","178","72.4","2","0","0","6","170","68","0","0","0","8","0","170","0","100","0","0","170","0"
"Disney_Themes_-_Hakuna_Matata.mid","1","TRACK","12","Track 12","","true","0","0","0","0","0","0","0","246","","","","0","0","0","0","","0","0","0","0"
"Disney_Themes_-_Hakuna_Matata.mid","1","TRACK","13","Track 13","","true","0","0","0","0","0","0","0","246","","","","0","0","0","0","","0","0","0","0"
"Disney_Themes_-_Hakuna_Matata.mid","1","TRACK","14","Track 14","","true","0","0","0","0","0","0","0","246","","","","0","0","0","0","","0","0","0","0"
"Disney_Themes_-_Hakuna_Matata.mid","1","TRACK","15","Track 15","","true","0","0","0","0","0","0","0","246","","","","0","0","0","0","","0","0","0","0"
"Disney_Themes_-_Hakuna_Matata.mid","1","TRACK","16","Track 16","","false","1","0.4","1","0","0","0","0","245","0","0","0","0","0","0","1","100","0","0","0","0"
"Disney_Themes_-_Hakuna_Matata.mid","1","TRACK","17","Track 17","","true","0","0","0","0","0","0","0","246","","","","0","0","0","0","","0","0","0","0"
"Disney_Themes_-_Hakuna_Matata.mid","1","TRACK","18","Track 18","","true","0","0","0","0","0","0","0","246","","","","0","0","0","0","","0","0","0","0"
"Disney_Themes_-_Pirates_Of_The_Caribbean.mid","0","TRACK","1","Yo Ho     ","","false","122","98.4","4","0","2","0","116","2","3.3","4.9","1.6","6","0","48","68","95.1","0","23","15","29"
"Disney_Themes_-_Tiki_Room.mid","1","TRACK","1","Track 1","","true","0","0","0","0","0","0","0","94","","","","0","0","0","0","","0","0","0","0"
"Disney_Themes_-_Tiki_Room.mid","1","TRACK","2","Tiki Room","","false","88","93.6","5","7","0","23","53","6","39.8","39.8","0","33","13","25","17","60.2","0","18","35","0"
"Disney_Themes_-_Tiki_Room.mid","1","TRACK","3","Track 3","","false","73","77.7","23","3","0","19","28","21","61.6","61.6","0","42","12","7","12","38.4","0","12","16","0"
"Disney_Themes_-_Tiki_Room.mid","1","TRACK","4","Track 4","","false","24","25.5","11","4","0","2","7","70","70.8","70.8","0","15","3","2","4","29.2","0","2","5","0"
"Disney_Themes_-_Tiki_Room.mid","1","TRACK","5","Track 5","","false","6","6.4","0","4","0","1","1","88","83.3","83.3","0","5","0","0","1","16.7","0","1","0","0"
"Disney_Themes_-_Tiki_Room.mid","1","TRACK","6","Track 6","","false","91","96.8","63","26","0","1","1","3","98.9","98.9","0","88","0","1","2","1.1","0","0","1","0"
"Disney_Themes_-_Tiki_Room.mid","1","TRACK","7","new","","false","93","98.9","15","26","0","0","52","1","44.1","44.1","0","26","10","13","44","55.9","0","34","15","2"
"Jamiroquai_-_Virtual_Insanity.mid","1","TRACK","1","Jamiroquai","","true","0","0","0","0","0","0","0","240","","","","0","0","0","0","","0","0","0","0"
"Jamiroquai_-_Virtual_Insanity.mid","1","TRACK","2","Track 2","","false","232","96.7","43","2","0","0","187","8","19.4","19.4","0","6","7","80","139","80.6","0","73","77","18"
"Jamiroquai_-_Virtual_Insanity.mid","1","TRACK","3","Track 3","","false","183","76.3","22","0","0","0","161","57","12","12","0","3","4","42","134","88","0","40","39","30"
"Jamiroquai_-_Virtual_Insanity.mid","1","TRACK","4","Track 4","","false","119","49.6","51","0","0","0","68","121","42.9","42.9","0","1","0","28","90","57.1","0","33","19","10"
"Jamiroquai_-_Virtual_Insanity.mid","1","TRACK","5","Track 5","","false","175","72.9","22","0","3","0","150","65","12.6","14.3","1.7","5","10","69","91","85.7","0","42","72","30"
"Jamiroquai_-_Virtual_Insanity.mid","1","TRACK","6","Track 6","","false","34","14.2","18","0","0","0","16","206","52.9","52.9","0","2","1","2","29","47.1","0","10","6","0"
"Jamiroquai_-_Virtual_Insanity.mid","1","TRACK","7","Track 7","","false","100","41.7","15","0","0","0","85","140","15","15","0","2","4","32","62","85","0","33","44","5"
"Jamiroquai_-_Virtual_Insanity.mid","1","TRACK","8","Track 8","","false","14","5.8","5","0","0","0","9","226","35.7","35.7","0","1","1","5","7","64.3","0","7","2","0"
"Jamiroquai_-_Virtual_Insanity.mid","1","TRACK","9","Track 9","","false","3","1.3","1","0","0","0","2","237","33.3","33.3","0","0","1","0","2","66.7","0","1","0","1"
"Jamiroquai_-_Virtual_Insanity.mid","1","TRACK","10","Track 10","","false","206","85.8","0","0","0","0","206","34","0","0","0","0","2","13","191","100","0","2","0","22"
"Michael_Jackson_-_Beat_It.mid","1","TRACK","1","Track 1","","true","0","0","0","0","0","0","0","588","","","","0","0","0","0","","0","0","0","0"
"Michael_Jackson_-_Beat_It.mid","1","TRACK","2","1","","false","173","29.4","109","0","0","63","1","415","99.4","99.4","0","172","0","1","0","0.6","0","1","0","0"
"Michael_Jackson_-_Beat_It.mid","1","TRACK","3","2","","false","449","76.4","415","34","0","0","0","139","100","100","0","247","0","0","202","0","0","0","0","0"
"Michael_Jackson_-_Beat_It.mid","1","TRACK","4","3","","false","57","9.7","34","0","0","0","23","531","59.6","59.6","0","13","3","1","40","40.4","0","23","0","0"
"Michael_Jackson_-_Beat_It.mid","1","TRACK","5","4","","false","371","63.1","179","80","0","0","112","217","69.8","69.8","0","142","91","10","128","30.2","0","80","4","7"
"Michael_Jackson_-_Beat_It.mid","1","TRACK","6","5","","false","450","76.5","406","40","0","0","4","138","99.1","99.1","0","251","0","1","198","0.9","0","0","0","3"
"Michael_Jackson_-_Beat_It.mid","1","TRACK","7","6","","false","366","62.2","248","0","0","0","118","222","67.8","67.8","0","96","0","0","270","32.2","0","118","0","0"
"Michael_Jackson_-_Beat_It.mid","1","TRACK","8","7","","false","104","17.7","8","0","0","1","95","484","8.7","8.7","0","6","2","23","73","91.3","0","6","16","25"
"Michael_Jackson_-_Beat_It.mid","1","TRACK","9","8","","false","10","1.7","5","0","1","0","4","578","50","60","10","2","1","1","6","40","0","2","0","0"
"Michael_Jackson_-_Beat_It.mid","1","TRACK","10","9","","false","412","70.1","317","95","0","0","0","176","100","100","0","244","0","0","168","0","0","0","0","0"
"Michael_Jackson_-_Beat_It.mid","1","TRACK","11","0","","false","542","92.2","12","397","0","0","133","46","75.5","75.5","0","407","0","133","2","24.5","0","0","133","0"
"Michael_Jackson_-_Beat_It.mid","1","TRACK","12","11","","false","164","27.9","132","24","0","0","8","424","95.1","95.1","0","24","132","8","0","4.9","0","0","8","0"
"Michael_Jackson_-_Beat_It.mid","1","TRACK","13","12","","false","68","11.6","63","0","1","0","4","520","92.6","94.1","1.5","57","0","0","11","5.9","0","4","0","0"
"Michael_Jackson_-_Beat_It.mid","1","TRACK","14","13","","false","14","2.4","14","0","0","0","0","574","100","100","0","14","0","0","0","0","0","0","0","0"
"Michael_Jackson_-_Beat_It.mid","1","TRACK","15","14","","false","14","2.4","14","0","0","0","0","574","100","100","0","14","0","0","0","0","0","0","0","0"
"Michael_Jackson_-_Beat_It.mid","1","TRACK","16","15","","false","226","38.4","173","14","0","0","39","362","82.7","82.7","0","21","0","1","204","17.3","0","38","1","0"
"Michael_Jackson_-_Beat_It.mid","1","TRACK","17","16","","false","206","35","132","56","0","0","18","382","91.3","91.3","0","90","0","0","116","8.7","0","18","0","0"
"Michael_Jackson_-_Billie_Jean.mid","1","TRACK","1","Track 1","","true","0","0","0","0","0","0","0","1366","","","","0","0","0","0","","0","0","0","0"
"Michael_Jackson_-_Billie_Jean.mid","1","TRACK","2","Track 2","","false","306","22.4","133","43","0","0","130","1060","57.5","57.5","0","55","68","50","133","42.5","0","98","32","0"
"Michael_Jackson_-_Billie_Jean.mid","1","TRACK","3","Track 3","","false","38","2.8","35","3","0","0","0","1328","100","100","0","20","0","0","18","0","0","0","0","0"
"Michael_Jackson_-_Billie_Jean.mid","1","TRACK","4","Track 4","","false","158","11.6","8","0","0","11","139","1208","12","12","0","19","9","21","109","88","0","22","32","21"
"Michael_Jackson_-_Billie_Jean.mid","1","TRACK","5","Track 5","","false","152","11.1","137","0","0","0","15","1214","90.1","90.1","0","66","4","7","75","9.9","0","8","7","0"
"Michael_Jackson_-_Billie_Jean.mid","1","TRACK","6","Track 6","","false","72","5.3","45","2","0","0","25","1294","65.3","65.3","0","20","2","5","45","34.7","0","17","5","2"
"Michael_Jackson_-_Billie_Jean.mid","1","TRACK","7","Track 7","","false","206","15.1","206","0","0","0","0","1160","100","100","0","107","0","0","99","0","0","0","0","0"
"Michael_Jackson_-_Billie_Jean.mid","1","TRACK","8","Track 8","","false","553","40.5","83","470","0","0","0","813","100","100","0","498","0","0","55","0","0","0","0","0"
"Michael_Jackson_-_Billie_Jean.mid","1","TRACK","9","Track 9","","false","560","41","0","541","0","0","19","806","96.6","96.6","0","541","0","19","0","3.4","0","0","19","0"
"Michael_Jackson_-_Thriller.mid","0","TRACK","1","Track 1","","false","642","98.9","10","4","0","372","256","7","60.1","60.1","0","385","0","167","90","39.9","0","2","164","1"
"Movie_Themes_-_Addams_Family.mid","1","TRACK","1","Track 1","","true","0","0","0","0","0","0","0","103","","","","0","0","0","0","","0","0","0","0"
"Movie_Themes_-_Addams_Family.mid","1","TRACK","2","Clavinet","","false","82","79.6","32","0","17","0","33","21","39","59.8","20.7","39","0","31","12","40.2","0","33","0","0"
"Movie_Themes_-_Addams_Family.mid","1","TRACK","3","Harpsichod","","false","42","40.8","27","0","0","0","15","61","64.3","64.3","0","21","0","15","6","35.7","0","15","0","0"
"Movie_Themes_-_Addams_Family.mid","1","TRACK","4","Harpsichod","","false","42","40.8","30","0","0","0","12","61","71.4","71.4","0","21","0","12","9","28.6","0","12","0","0"
"Movie_Themes_-_Addams_Family.mid","1","TRACK","5","Bass","","false","50","48.5","46","0","2","0","2","53","92","96","4","27","0","0","23","4","0","2","0","0"
"Movie_Themes_-_Addams_Family.mid","1","TRACK","6","Bass","","false","30","29.1","15","0","15","0","0","73","50","100","50","30","0","0","0","0","0","0","0","0"
"Movie_Themes_-_Addams_Family.mid","1","TRACK","7","Percussion","","false","20","19.4","20","0","0","0","0","83","100","100","0","20","0","0","0","0","0","0","0","0"
"Movie_Themes_-_Addams_Family.mid","1","TRACK","8","Drums","","false","53","51.5","49","0","3","0","1","50","92.5","98.1","5.7","51","0","0","2","1.9","0","1","0","0"
"Movie_Themes_-_Willie_Wonka.mid","1","TRACK","1","Track 1","","true","0","0","0","0","0","0","0","147","","","","0","0","0","0","","0","0","0","0"
"Movie_Themes_-_Willie_Wonka.mid","1","TRACK","2","Track 2","","false","142","96.6","107","35","0","0","0","5","100","100","0","142","0","0","0","0","0","0","0","0"
"Movie_Themes_-_Willie_Wonka.mid","1","TRACK","3","Track 3","","false","75","51","75","0","0","0","0","72","100","100","0","75","0","0","0","0","0","0","0","0"
"Movie_Themes_-_Willie_Wonka.mid","1","TRACK","4","Track 4","","false","98","66.7","72","26","0","0","0","49","100","100","0","98","0","0","0","0","0","0","0","0"
"Movie_Themes_-_Willie_Wonka.mid","1","TRACK","5","Track 5","","true","0","0","0","0","0","0","0","147","","","","0","0","0","0","","0","0","0","0"
"Movie_Themes_-_Willie_Wonka.mid","1","TRACK","6","Track 6","","true","0","0","0","0","0","0","0","147","","","","0","0","0","0","","0","0","0","0"
"Movie_Themes_-_Willie_Wonka.mid","1","TRACK","7","Track 7","","true","0","0","0","0","0","0","0","147","","","","0","0","0","0","","0","0","0","0"
"Queen_-_Killer_Queen.mid","0","TRACK","1","Track 1","","false","935","85.7","308","1","0","0","626","156","0","0","0","107","3","57","768","100","0","315","171","95"
"ABBA_-_Dancing_Queen.mid","0","CHANNEL","1","Track 1","2","false","383","96.7","138","42","0","2","201","13","47.5","47.5","0","61","0","167","155","52.5","0","146","55","0"
"ABBA_-_Dancing_Queen.mid","0","CHANNEL","1","Track 1","3","false","260","65.7","178","1","0","2","79","136","69.6","69.6","0","36","0","75","149","30.4","0","75","3","0"
"ABBA_-_Dancing_Queen.mid","0","CHANNEL","1","Track 1","4","false","164","41.4","65","18","0","0","81","232","50.6","50.6","0","34","7","68","55","49.4","0","53","28","0"
"ABBA_-_Dancing_Queen.mid","0","CHANNEL","1","Track 1","5","false","119","30.1","55","0","0","14","50","277","58","58","0","27","0","49","43","42","0","38","12","0"
"ABBA_-_Dancing_Queen.mid","0","CHANNEL","1","Track 1","6","false","121","30.6","68","6","0","0","47","275","61.2","61.2","0","31","6","41","43","38.8","0","35","12","0"
"ABBA_-_Dancing_Queen.mid","0","CHANNEL","1","Track 1","7","false","122","30.8","78","1","0","0","43","274","64.8","64.8","0","42","8","35","37","35.2","0","31","12","0"
"ABBA_-_Dancing_Queen.mid","0","CHANNEL","1","Track 1","8","false","147","37.1","105","1","0","0","41","249","72.1","72.1","0","59","0","41","47","27.9","0","41","0","0"
"ABBA_-_Dancing_Queen.mid","0","CHANNEL","1","Track 1","9","false","204","51.5","0","0","0","202","2","192","99","99","0","202","0","2","0","1","0","1","1","0"
"ABBA_-_Dancing_Queen.mid","0","CHANNEL","1","Track 1","10","false","392","99","8","0","0","384","0","4","100","100","0","392","0","0","0","0","0","0","0","0"
"ABBA_-_Dancing_Queen.mid","0","CHANNEL","1","Track 1","11","false","118","29.8","67","0","0","0","51","278","56.8","56.8","0","21","0","42","55","43.2","0","51","0","0"
"Disney_Themes_-_Pirates_Of_The_Caribbean.mid","0","CHANNEL","1","Yo Ho     ","1","false","35","28.2","20","0","0","0","15","89","57.1","57.1","0","20","0","15","0","42.9","0","15","0","0"
"Disney_Themes_-_Pirates_Of_The_Caribbean.mid","0","CHANNEL","1","Yo Ho     ","2","false","9","7.3","2","0","4","0","3","115","22.2","66.7","44.4","5","0","3","1","33.3","0","3","0","0"
"Disney_Themes_-_Pirates_Of_The_Caribbean.mid","0","CHANNEL","1","Yo Ho     ","3","false","16","12.9","4","0","10","0","2","108","25","87.5","62.5","12","0","2","2","12.5","0","2","0","0"
"Disney_Themes_-_Pirates_Of_The_Caribbean.mid","0","CHANNEL","1","Yo Ho     ","4","false","15","12.1","2","0","13","0","0","109","13.3","100","86.7","15","0","0","0","0","0","0","0","0"
"Disney_Themes_-_Pirates_Of_The_Caribbean.mid","0","CHANNEL","1","Yo Ho     ","5","false","8","6.5","8","0","0","0","0","116","100","100","0","8","0","0","0","0","0","0","0","0"
"Disney_Themes_-_Pirates_Of_The_Caribbean.mid","0","CHANNEL","1","Yo Ho     ","6","false","2","1.6","0","0","0","0","2","122","0","0","0","0","0","0","2","100","0","0","0","2"
"Disney_Themes_-_Pirates_Of_The_Caribbean.mid","0","CHANNEL","1","Yo Ho     ","7","false","9","7.3","2","0","3","0","4","115","22.2","55.6","33.3","4","0","4","1","44.4","0","4","0","0"
"Disney_Themes_-_Pirates_Of_The_Caribbean.mid","0","CHANNEL","1","Yo Ho     ","8","false","9","7.3","1","0","4","0","4","115","11.1","55.6","44.4","5","0","3","1","44.4","0","4","0","0"
"Disney_Themes_-_Pirates_Of_The_Caribbean.mid","0","CHANNEL","1","Yo Ho     ","9","false","7","5.6","7","0","0","0","0","117","100","100","0","7","0","0","0","0","0","0","0","0"
"Disney_Themes_-_Pirates_Of_The_Caribbean.mid","0","CHANNEL","1","Yo Ho     ","10","false","3","2.4","3","0","0","0","0","121","100","100","0","3","0","0","0","0","0","0","0","0"
"Disney_Themes_-_Pirates_Of_The_Caribbean.mid","0","CHANNEL","1","Yo Ho     ","11","false","119","96","1","0","0","0","118","5","0.8","0.8","0","1","0","118","0","99.2","0","118","0","0"
"Disney_Themes_-_Pirates_Of_The_Caribbean.mid","0","CHANNEL","1","Yo Ho     ","12","false","92","74.2","16","0","2","0","74","32","17.4","19.6","2.2","4","5","10","73","80.4","0","35","34","5"
"Michael_Jackson_-_Thriller.mid","0","CHANNEL","1","Track 1","2","false","502","77.3","223","177","0","1","101","147","79.9","79.9","0","203","2","96","201","20.1","0","96","4","1"
"Michael_Jackson_-_Thriller.mid","0","CHANNEL","1","Track 1","3","false","107","16.5","95","0","0","0","12","542","88.8","88.8","0","87","0","11","9","11.2","0","12","0","0"
"Michael_Jackson_-_Thriller.mid","0","CHANNEL","1","Track 1","4","false","259","39.9","97","50","0","5","107","390","58.7","58.7","0","88","9","76","86","41.3","0","56","51","0"
"Michael_Jackson_-_Thriller.mid","0","CHANNEL","1","Track 1","5","false","464","71.5","0","0","0","0","464","185","0","0","0","0","116","232","116","100","0","116","348","0"
"Michael_Jackson_-_Thriller.mid","0","CHANNEL","1","Track 1","6","false","91","14","63","5","0","0","23","558","74.7","74.7","0","42","0","20","29","25.3","0","14","9","0"
"Michael_Jackson_-_Thriller.mid","0","CHANNEL","1","Track 1","7","false","63","9.7","26","0","0","24","13","586","79.4","79.4","0","39","2","4","18","20.6","0","11","2","0"
"Michael_Jackson_-_Thriller.mid","0","CHANNEL","1","Track 1","8","false","60","9.2","60","0","0","0","0","589","100","100","0","60","0","0","0","0","0","0","0","0"
"Michael_Jackson_-_Thriller.mid","0","CHANNEL","1","Track 1","9","false","45","6.9","44","0","0","0","1","604","97.8","97.8","0","17","0","1","27","2.2","0","1","0","0"
"Michael_Jackson_-_Thriller.mid","0","CHANNEL","1","Track 1","10","false","642","98.9","10","76","0","149","407","7","36.6","36.6","0","234","0","407","1","63.4","0","2","405","0"
"Michael_Jackson_-_Thriller.mid","0","CHANNEL","1","Track 1","11","false","32","4.9","32","0","0","0","0","617","100","100","0","0","0","0","32","0","0","0","0","0"
"Michael_Jackson_-_Thriller.mid","0","CHANNEL","1","Track 1","12","false","14","2.2","10","0","0","1","3","635","78.6","78.6","0","8","0","3","3","21.4","0","2","1","0"
"Michael_Jackson_-_Thriller.mid","0","CHANNEL","1","Track 1","13","false","89","13.7","89","0","0","0","0","560","100","100","0","0","0","0","89","0","0","0","0","0"
"Michael_Jackson_-_Thriller.mid","0","CHANNEL","1","Track 1","14","false","112","17.3","56","28","0","0","28","537","75","75","0","56","28","0","28","25","0","0","28","0"
"Michael_Jackson_-_Thriller.mid","0","CHANNEL","1","Track 1","15","false","154","23.7","66","22","0","22","44","495","71.4","71.4","0","44","0","44","66","28.6","0","11","33","0"
"Queen_-_Killer_Queen.mid","0","CHANNEL","1","Track 1","1","false","641","58.8","469","0","0","0","172","450","0","0","0","214","0","0","427","100","0","161","9","2"
"Queen_-_Killer_Queen.mid","0","CHANNEL","1","Track 1","2","false","303","27.8","271","0","0","0","32","788","0","0","0","162","0","0","141","100","0","32","0","0"
"Queen_-_Killer_Queen.mid","0","CHANNEL","1","Track 1","3","false","159","14.6","156","0","0","0","3","932","0","0","0","66","2","1","90","100","0","3","0","0"
"Queen_-_Killer_Queen.mid","0","CHANNEL","1","Track 1","4","false","298","27.3","266","0","0","0","32","793","0","0","0","21","19","11","247","100","0","32","0","0"
"Queen_-_Killer_Queen.mid","0","CHANNEL","1","Track 1","5","false","106","9.7","101","0","0","0","5","985","0","0","0","8","7","10","81","100","0","5","0","0"
"Queen_-_Killer_Queen.mid","0","CHANNEL","1","Track 1","6","false","127","11.6","123","0","0","0","4","964","0","0","0","122","0","0","5","100","0","1","2","0"
"Queen_-_Killer_Queen.mid","0","CHANNEL","1","Track 1","7","false","100","9.2","100","0","0","0","0","991","0","0","0","17","10","24","49","100","0","0","0","0"
"Queen_-_Killer_Queen.mid","0","CHANNEL","1","Track 1","8","false","74","6.8","74","0","0","0","0","1017","0","0","0","11","11","9","43","100","0","0","0","0"
"Queen_-_Killer_Queen.mid","0","CHANNEL","1","Track 1","9","false","58","5.3","43","0","0","0","15","1033","0","0","0","6","8","7","37","100","0","15","0","0"
"Queen_-_Killer_Queen.mid","0","CHANNEL","1","Track 1","10","false","571","52.3","388","1","1","0","181","520","0","0","0","212","0","13","346","100","0","134","39","8"
"Queen_-_Killer_Queen.mid","0","CHANNEL","1","Track 1","11","false","52","4.8","51","0","0","0","1","1039","0","0","0","10","7","7","28","100","0","1","0","0"
"Queen_-_Killer_Queen.mid","0","CHANNEL","1","Track 1","12","false","55","5","51","0","0","0","4","1036","0","0","0","5","2","4","44","100","0","4","0","0"
